{
  "timestamp": "2026-01-05_07-50-01",
  "order": 50,
  "cluster_config": {
    "num_workers": 2
  },
  "results": {
    "graphs_found": 95
  },
  "timings": {
    "read_parquet": 4.228832392,
    "total_time": 408.892553292,
    "spark_session_creation": 3.683242427,
    "distributed_prepare_vertices": 0.060940533,
    "spark_session_shutdown": 0.199796892,
    "write_edges": 1.540274072,
    "distributed_prepare_edges": 0.052281543,
    "classification_and_count": 397.344058885,
    "classification_process_total": 405.00929064,
    "write_vertices": 1.732650222
  },
  "total_time_seconds": 408.892553292
}