{
  "timestamp": "2026-01-05_04-39-10",
  "order": 12,
  "cluster_config": {
    "num_workers": 2
  },
  "results": {
    "graphs_found": 110
  },
  "timings": {
    "read_parquet": 4.274284214,
    "total_time": 2098.33617464,
    "spark_session_creation": 3.719113985,
    "distributed_prepare_vertices": 0.075644112,
    "spark_session_shutdown": 0.180477631,
    "write_edges": 3.025304992,
    "distributed_prepare_edges": 0.047878399,
    "classification_and_count": 2083.980190617,
    "classification_process_total": 2094.436446344,
    "write_vertices": 2.997741668
  },
  "total_time_seconds": 2098.33617464
}