{
  "timestamp": "2026-01-05_07-39-46",
  "order": 10,
  "cluster_config": {
    "num_workers": 2
  },
  "results": {
    "graphs_found": 42
  },
  "timings": {
    "read_parquet": 4.157070775,
    "total_time": 117.485968434,
    "spark_session_creation": 3.427957017,
    "distributed_prepare_vertices": 0.082514942,
    "spark_session_shutdown": 0.163967599,
    "write_edges": 1.511294616,
    "distributed_prepare_edges": 0.05871912,
    "classification_and_count": 106.010537355,
    "classification_process_total": 113.893821996,
    "write_vertices": 2.039759278
  },
  "total_time_seconds": 117.485968434
}