{
  "timestamp": "2026-01-04_18-56-40",
  "order": 11,
  "cluster_config": {
    "num_workers": 0,
  },
  "results": {
    "graphs_found": 21,
  },
  "timings": {
    "read_parquet": 2.895368907,
    "total_time": 85.507688502,
    "spark_session_creation": 3.799660391,
    "collect_to_driver": 30.148383387,
    "spark_session_shutdown": 0.122249246,
    "write_edges": 0.56666715,
    "prepare_edges": 0.005712116,
    "classification_and_count": 46.652619774,
    "prepare_vertices": 0.002030621,
    "classification_process_total": 81.562702049,
    "write_vertices": 1.288360554
  },
  "total_time_seconds": 85.507688502
}