{
  "timestamp": "2026-01-04_18-46-39",
  "order": 11,
  "cluster_config": {
    "num_workers": 0,
  },
  "results": {
    "graphs_found": 21,
  },
  "timings": {
    "read_parquet": 3.049684776,
    "total_time": 126.20831839,
    "spark_session_creation": 3.434790036,
    "collect_to_driver": 50.818559477,
    "spark_session_shutdown": 0.148962592,
    "write_edges": 0.598746767,
    "prepare_edges": 0.007651647,
    "classification_and_count": 66.557666843,
    "prepare_vertices": 0.002742466,
    "classification_process_total": 122.590558059,
    "write_vertices": 1.550368475
  },
  "total_time_seconds": 126.20831839
}