{
  "timestamp": "2026-01-04_17-55-11",
  "order": 10,
  "cluster_config": {
    "num_workers": 0,
  },
  "results": {
    "graphs_found": 13,
  },
  "timings": {
    "read_parquet": 3.031023846,
    "total_time": 32.243782358,
    "spark_session_creation": 3.812295292,
    "collect_to_driver": 5.24066111,
    "spark_session_shutdown": 0.124779119,
    "write_edges": 0.470439537,
    "prepare_edges": 0.004383778,
    "classification_and_count": 18.118550783,
    "prepare_vertices": 0.001962888,
    "classification_process_total": 28.289397228,
    "write_vertices": 1.418495793
  },
  "total_time_seconds": 32.243782358
}