{
  "timestamp": "2026-01-05_04-00-54",
  "order": 11,
  "cluster_config": {
    "num_workers": 2
  },
  "results": {
    "graphs_found": 21
  },
  "timings": {
    "read_parquet": 4.000614173,
    "total_time": 60.68774352,
    "spark_session_creation": 3.645336463,
    "distributed_prepare_vertices": 0.062386763,
    "spark_session_shutdown": 0.154785482,
    "write_edges": 1.435434771,
    "distributed_prepare_edges": 0.071968873,
    "classification_and_count": 49.699292708,
    "classification_process_total": 56.887480075,
    "write_vertices": 1.57438522
  },
  "total_time_seconds": 60.68774352
}