{
  "timestamp": "2026-01-05_00-21-18",
  "order": 20,
  "cluster_config": {
    "num_workers": 2
  },
  "results": {
    "graphs_found": 55
  },
  "timings": {
    "read_parquet": 4.226250368,
    "total_time": 186.172545751,
    "spark_session_creation": 3.943670551,
    "distributed_prepare_vertices": 0.055712235,
    "spark_session_shutdown": 0.171919629,
    "write_edges": 1.470674822,
    "distributed_prepare_edges": 0.0500049,
    "classification_and_count": 174.658526913,
    "classification_process_total": 182.056818782,
    "write_vertices": 1.554072547
  },
  "total_time_seconds": 186.172545751
}