{
  "timestamp": "2026-01-05_00-18-04",
  "order": 20,
  "cluster_config": {
    "num_workers": 2
  },
  "results": {
    "graphs_found": 55
  },
  "timings": {
    "read_parquet": 4.530944043,
    "total_time": 247.148263318,
    "spark_session_creation": 4.058825013,
    "distributed_prepare_vertices": 0.079980946,
    "spark_session_shutdown": 0.438241632,
    "write_edges": 1.41034899,
    "distributed_prepare_edges": 0.06098479,
    "classification_and_count": 234.803641934,
    "classification_process_total": 242.650961682,
    "write_vertices": 1.687176055
  },
  "total_time_seconds": 247.148263318
}